Run	Type	P_SHMS	 Theta_SHMS   P_HMS	Theta_HMS   Target	  Ebeam	    Current	PS2	PS3	HMS-Rate(kHz)   SHMS-Rate(kHz)    Good-coin  Computer-LT  Comment
4734	Optics	-8.035	 9.50	     -6.60	13.01	    Optics-1	  10.59	     ?		0	0	 ?		 ?		  N/A	     N/A	  ! Junk
4735	Optics	-8.035	 9.50	     -6.60	13.01	    Optics-1	  10.59	     ?		0	0	 ?		 ?		  N/A	     N/A	  !
4736	Optics	-8.035	 9.50	     -6.60	13.01	    Optics-1	  10.59	     ?		0	0	 ?		 ?		  N/A	     N/A	  !
4737	Optics	-8.035	 9.50	     -6.60	13.01	    Optics-1	  10.59	     ?		0	0	 ?		 ?		  N/A	     N/A	  ! Increased HMS dipole by 1.45%
4738	Optics	-8.035	 9.50	     -6.60	13.01	    Optics-1	  10.59	     ?		0	0	 ?		 ?		  N/A	     N/A	  ! Increased HMS dipole by 2.9%%
4739	Optics	-8.035	 9.50	     -6.60	13.01	    Optics-1	  10.59	     ?		0	0	 ?		 ?		  N/A	     N/A	  ! Increased HMS dipole by 2.6%%
4740	Optics	-8.035	 9.50	     -6.60	13.01	    Optics-1	  10.59	     ?		0	0	 ?		 ?		  N/A	     N/A	  ! HMS Q2 -0.4%, SHMS Q1+0.02%, HMS Dipole+2.6%
4741	Optics	-8.035	 9.50	     -6.60	13.01	    Optics-1	  10.59	     ?		0	0	 ?		 ?		  N/A	     N/A	  ! HMS Q2 -0.4%, SHMS Q1+0.02%, HMS Dipole+2.6%
4742	Optics	-6.482	 9.50	     -6.30	13.01	    Optics-1	  10.59	     ?		0	0	 ?		 ?		  N/A	     N/A	  ! HMS Dipole+1.84%
4743	Optics	-6.482	 9.50	     -6.30	13.01	    Optics-1	  10.59	     ?		0	0	 ?		 ?		  N/A	     N/A	  ! HMS Dipole+1.0%
4744	Optics	-6.482	 9.50	     -6.30	13.01	    Optics-1	  10.59	     ?		0	0	 ?		 ?		  N/A	     N/A	  ! HMS Dipole+1.0%, HMS Q2+0.3%
4745	Optics	-6.482	 9.50	     -6.30	13.01	    Optics-1	  10.59	     ?		0	0	 ?		 ?		  N/A	     N/A	  ! HMS Dipole+1.0%, HMS Q2+0.5%
4746	Optics	-6.482	 9.50	     -6.30	13.01	    Optics-1	  10.59	     ?		0	0	 ?		 ?		  N/A	     N/A	  ! Junk
4747	Optics	-6.482	 9.50	     -6.30	13.01	    Optics-1	  10.59	     ?		0	0	 ?		 ?		  N/A	     N/A	  ! Junk
4748	Optics	-6.482	 9.50	     -6.30	13.01	    Optics-1	  10.59	     ?		0	0	 ?		 ?		  N/A	     N/A	  ! HMS: Dipole+1.2%, Q2+0.5%, SHMS Q1+0.1%
4749	Optics	-6.300	 9.50	     -6.00	13.01	    Optics-1	  10.59	     ?		0	0	 ?		 ?		  N/A	     N/A	  !
4750	Optics	-6.300	 9.50	     -6.00	13.01	    Optics-1	  10.59	     ?		0	0	 ?		 ?		  N/A	     N/A	  ! SHMS Q1-0.3%
4751	Optics	-6.300	 9.50	     -6.00	13.01	    Optics-1	  10.59	     ?		0	0	 ?		 ?		  N/A	     N/A	  ! SHMS Q1+0.3%
4752	Optics	-6.300	 9.50	     -6.00	13.01	    Optics-1	  10.59	     ?		0	0	 ?		 ?		  N/A	     N/A	  ! Checking HMS Q3 +50 A
4753	Optics	-6.300	 9.50	     -6.00	13.01	    Optics-1	  10.59	     ?		0	0	 ?		 ?		  N/A	     N/A	  ! Test - junk
4754	BCM	-6.300	 9.50	     -6.00	13.01	    Optics-1	  10.59	     ?		0	0	 ?		 ?		  N/A	     N/A	  ! BCM calibration run
4755	BCM	-6.300	 9.50	     -6.00	13.01	    Optics-1	  10.59	     ?		0	0	 ?		 ?		  N/A	     N/A	  ! BCM calibration run
4756	Optics	-6.842	 9.50	     -6.30	13.01	    Optics-1	  10.59	     ?		0	0	 ?		 ?		  N/A	     N/A	  ! HMS: Dipole+0.67%, SHMS Q1+0.3%
4757	Optics	-6.842	 9.50	     -6.30	13.01	    Optics-1	  10.59	     ?		0	0	 ?		 ?		  N/A	     N/A	  ! HMS: Dipole+0.67%, SHMS Q1+0.3%: Short run, junk?
4758	Optics	-5.500	 9.50	     -6.30	13.01	    Optics-1	  10.59	     ?		0	0	 ?		 ?		  N/A	     N/A	  ! HMS: Dipole+0.67%
4759	Optics	-5.000	 9.50	     -6.30	13.01	    Optics-1	  10.59	     ?		0	0	 ?		 ?		  N/A	     N/A	  ! Junk
4760	Optics	-5.000	 9.50	     -6.30	13.01	    Optics-1	  10.59	     ?		0	0	 ?		 ?		  N/A	     N/A	  ! 
4761	Optics	-4.500	 9.50	     -6.30	13.01	    Optics-1	  10.59	     ?		0	0	 ?		 ?		  N/A	     N/A	  ! 
4762	Optics	-4.500	 9.50	     -6.30	13.01	    Optics-1	  10.59	     ?		0	0	 ?		 ?		  N/A	     N/A	  ! 
4763	Optics	-4.000	 9.50	     -6.30	13.01	    Optics-1	  10.59	     ?		0	0	 ?		 ?		  N/A	     N/A	  ! 
4764	Optics	-7.500	 9.50	     -6.30	13.01	    Optics-1	  10.59	     ?		0	0	 ?		 ?		  N/A	     N/A	  ! 
4765	Optics	-7.500	 9.50	     -6.30	13.01	    Optics-1	  10.59	     ?		0	0	 ?		 ?		  N/A	     N/A	  ! SHMS Q1*1.0004
4766	Optics	-8.035	 9.50	     -6.60	13.01	    Optics-1	  10.59	     5  	0	0	 ?		 ?		  N/A	     N/A	  ! SHMS Q1*1.006
4767	Optics	-7.500	 9.50	     -6.60	13.01	    Optics-1	  10.59	     5-20	0	0	 ?		 ?		  N/A	     N/A	  ! SHMS Q1*1.005 HMS dipole*1.02
4768	Optics	-7.500	 9.50	     -6.60	13.01	    Optics-1	  10.59	     20 	0	0	 ?		 ?		  N/A	     N/A	  ! SHMS Q1*1.0025 HMS dipole*1.02
4769	Optics	-7.500	 9.50	     -6.60	13.01	    Optics-1	  10.59	     20 	0	0	 ?		 ?		  N/A	     N/A	  ! SHMS Q1*1.005 HMS dipole*1.01
4770	Optics	-7.500	 9.50	     -6.60	13.01	    Optics-1	  10.59	     20 	0	0	 0.05		 0.5		  N/A	     N/A	  ! SHMS Q1*1.005 HMS: dipole*1.008, Q2*0.999
4771	Optics	-7.500	 9.50	     -6.60	13.01	    Optics-1	  10.59	     20 	0	0	 0.05		 0.5		  N/A	     N/A	  ! SHMS Q1*1.005 HMS: dipole*1.008, Q2*0.996
4772	Optics	-7.500	 9.50	     -6.60	13.01	    Optics-1	  10.59	     20 	0	0	 0.05		 0.5		  N/A	     N/A	  ! SHMS Q1*1.005 HMS: dipole*1.008, Q2@nom, Q1*1.004
4773	Optics	-6.842	 9.50	     -6.60	13.01	    Optics-1	  10.59	     20 	0	0	 ?		 ?		  N/A	     N/A	  ! SHMS Q1*1.004 HMS: dipole*1.006, Q2@nom, Q1*1.004
4774	Optics	-6.842	 9.50	     -6.30	13.01	    Optics-1	  10.59	     20 	0	0	 ?		 ?		  N/A	     N/A	  ! SHMS Q1*1.004 HMS: all nom
4775	Optics	-6.842	 9.50	     -6.30	13.01	    Optics-1	  10.59	     20 	0	0	 ?		 ?		  N/A	     N/A	  ! SHMS Q1*1.004 HMS: dipole*1.002
4776	Optics	-6.842	 9.50	     -6.30	13.01	    Optics-1	  10.59	     20 	0	0	 ?		 ?		  N/A	     N/A	  ! SHMS Q1*1.004 HMS: dipole*1.003
4777	Optics	-6.300	 9.50	     -5.90	13.01	    Optics-1	  10.59	     20 	0	0	 ?		 ?		  N/A	     N/A	  ! SHMS Q1*1.002  HMS: nominal
4778	Optics	-6.300	 9.50	     -5.90	13.01	    Optics-1	  10.59	     20 	0	0	 ?		 ?		  N/A	     N/A	  ! SHMS Q1*1.002  HMS: Q1*1.002
4779	Optics	-6.300	 9.50	     -5.50	13.01	    Optics-1	  10.59	     20 	0	0	 ?		 ?		  N/A	     N/A	  ! SHMS Q1*1.002  HMS: all nominal
4780    Optics  -6.300   20.00       -5.322     22.60       Carbon-1.5%   10.59      ~10        0       0        0.010           0.010                                    ! Carbon sieve for Heep setting #5
4781    Carbon  -6.300   20.00       -5.322     22.60       Carbon-6%     10.59      ~10        0       0                                                                 ! Try a thicker target
4782    Carbon  -6.300   20.00       -5.322     22.60       Carbon-6%     10.59      10-35      0       0        0.020           0.170            N/A        NA           ! MCC working on BLM trips
4783    Carbon  -6.300   20.00       -5.322     22.60       Carbon-6%     10.59      30         0       0        0.070           0.700            N/A        99.99%       !
4784    Heep    -6.300   20.00       -5.322     22.60       LH2           10.59      34         0       ?        0.220           2.9              N/A        99.7%        !
4785    Heep    -6.300   20.00       -5.322     22.60       LH2           10.59      36         0       ?        0.22            2.95             NA         99.83%       !
4786    Dummy   -6.300   20.00       -5.322     22.60       Dummy         10.59      10         0       0        0.03            0.175            NA         100          !
4787    Sieve   -6.300   9.505       -5.322     13.01       C1.5%         10.59      40         ?       ?        3.3             19.0             NA         61           ! Golden sieve run
4788    Heep    -6.842   18.00       -5.322     24.17       LH2           10.59      40         0       0        0.084           3.9              NA         89           ! Nominal SHMS Q1
4789    Heep    -6.842   18.00       -5.322     24.17       LH2           10.59      40         0       0        0.054           2.3              NA         93           ! SHMS Q1x1.004
4790    Dummy   -6.842   18.00       -5.322     24.17       Dummy         10.59      40         0       0        0.030           0.87             NA         99.96         !
4791    Heep    -6.842   16,25       -5.322     24.17       LH2           10.59      40         0       0        0.040		 3.3		  NA	     68		   !
4792    Dummy   -6.842   16.25       -5.322     24.17       Dummy         10.59      40         0       0        0.032		 1.8		  NA	     99.94	   !
4793    Heep    -6.842   19.85       -5.322     24.17       LH2           10.59      40         0       0        0.067		 1.9		  NA	     99.93	   !
4794    Dummy   -6.842   19.85       -5.322     24.17       Dummy         10.59      40         0       0        0.033		 0.63		  NA	     99.98	   ! 
4795    Junk	------	 -----	     ------	-----	    ---		  -----	     --		-	-	 ----		 ---		  --	     -----	   ! JUNK
4796    Heep	-6.842	 13,80	     -5.322	24.17	    LH2		  10.59	     40		0	0	 0.064           14.8             NA         24.22         !buffered mode; PS2 was 0 , JUNK?
4797    Heep	-6.842	 13.80	     -5.322	24.17	    LH2		  10.59	     40		4	0	 0.064		 11.8		  NA	     98.85	   !unbuffered mode PS2=4
4798	HEEP	-6.842	 13.80	     -5.322	24.17	    LH2		  10.59	     40		4	0	 0.035           6.855            NA         99.99         !Buffered Mode
4799    HEEP    -6.842   13.80       -5.322     24.17       LH2           10.59      30         4       0        0.043           9.031            NA         99.99         !Buffered Mode
4800    HEEP    -6.842   13.80       -5.322     24.17       Dummy         10.59      30         4       0        0.025           3.693            NA         99.99         !Buffered Mode
4801    HEEP    -6.842   13.80       -5.322     24.17       Dummy         10.59      30         4       0        0.025           4.286            NA         99.99         !Unbuffered Mode
4802    Junk    ----	 -----	     ------	-----	    ---		  -----	     --		-	-	 ----		 ---		  --	     -----	   ! JUNK
4803    HEEP    -6.842   13.80       -5.322     24.17       Sieve         10.59      30         0       0        0.027           1.132            NA         99.99         !Unbuffered Mode
4804    Junk    ----	 -----	     ------	-----	    ---		  -----	     --		-	-	 ----		 ---		  --	     -----         ! JUNK
4805    HEEP6   -8.035   13.70       -6.590     18.79       LH2           10.59      40         2       0                                         NA                       ! HMS Dipole Adjusted (0.006*nominal)
4806    HEEP6   -8.035   13.70       -6.590     18.79       LH2           10.59      40         2       0                                         NA                       ! HMS Dipole Adjusted (0.006*nominal)
4808    HEEP6   -8.035   13.70       -6.590     18.79       LH2           10.59      12.7       0       0        0.08            3.8              NA         79.6          ! HMS Dipole Adjusted (1.002*nominal), ps2 was set to 2, but pre-scale rate was reading ~2.4 kHz, so I hit enter on Target Rate (already set to 1 kHz) and ps2 changed to 4 of pre-scale factor.
4809    HEEP6   -8.035   13.70       -6.590     18.79       LH2           10.59      10.3       4       0        0.09            3.1              NA         92.8          ! Un-Buffered mode
4810    HEEP6   -8.035   13.70       -6.590     18.79       LH2           10.59      11.1       0       0        0.09            3.4              NA         69.7          ! Un-Buffered mode
4811    HEEP6   -8.035   13.70       -6.590     18.79       LH2           10.59      15.9       2       0        0.13            5.0              NA         74.1          ! Un-Buffered mode
4812    Heep6   -8.035   13.70       -6.590     18.79       Dummy         10.59      18.3       2       0        0.06            1.9              NA         88.5          ! Un-Buffered mode
4813    Heep6   -8.035   13.70       -6.590     18.79       Dummy         10.59      17.9       2       0        0.05            1.87             NA         100           ! Buffered mode
4814    Heep7   -8.035   11.70       -6.590     17.20       Dummy         10.59      17.0       2       0        0.15            5.6              NA         100           ! Buffered mode
4815    Heep7   -8.035   11.70       -6.590     17.20       Dummy         10.59      10.6       2       0        0.09            3.4              NA         82.9          ! Un-Buffered mode
4816    Heep7   -8.035   11.70       -6.590     17.20       LH2           10.59      10.6       5       0        0.40            13.8             NA         82.9          ! Un-Buffered mode
4817    Heep7   -8.035   11.70       -6.590     17.20       LH2           10.59      13.8       5       0        0.35            12.4             NA         98.4          ! Buffered mode
4818    Heep7   -8.035   11.70       -6.590     13.005      Carbon-1.5%   10.59      9.3        0       0        0.14            0.37             NA         100           ! Optics
4819    Heep7   -8.035   11.70       -6.590     13.005      Optics-1      10.59      10.5       0       0        0.05            0.11             NA         100           ! Optics
4820    Heep7   -8.035   11.70       -6.590     13.005      Optics-1      10.59      11.3       0       0        0.05            0.12             NA         100           ! Optics, increase HMS Q1 by 0.5% from Q1_nominal 
4821    Heep8   -8.035   15.650      -6.590     19.755      LH2           10.59      15.5       0       0        0.07            2.04             NA         99.9          ! HMS back to nominal fields 
4822	Heep8	-8.035	 15.650	     -6.590	19.755	    Dummy	  10.59	     25.9       0	0        0.04            1.08             NA         99.9         
4824	Heep8	-8.035	 15.650	     -6.590	19.755	    LH2  	  10.59	     31.5       0	0        0.13            4.2              NA         82.7          ! 
4825	Heep8	-8.035	 15.650	     -6.590	19.755	    LH2  	  10.59	     32.4       1	0        0.13            4.3              NA         99.8          ! 
4826	Heep8     NA       NA	     -6.590	13.00       Optics-1      10.59	     22.5      -1	0        0.10            NA               NA         99.9          ! Opportunistic Optics (Switching Pol. in SHMS) 


Run	Type    P_SHMS  Theta_SHMS   P_HMS  Theta_HMS   Target   Ebeam  Current   PS1  PS3  PS5   HMS-Rate(kHz)  SHMS-Rate(kHz)  COIN-Rate(kHz) Charge(mC)       Raw-coin   Computer-LT   Comment

4827    HeepC   +4.840  26.147      -6.590  18.845      LH2      10.59  30.2      5    1    0     0.23           1.8             0.013           112.57           ?49.9k      100          ! 3065 e-p elastic
4828    HeepC   +4.840  26.147      -6.590  18.845      LH2      10.59  23.6      5    1    0     0.18           1.4             0.013           60.74            ?33.3k      100          ! 1658 e-p elastic
4829 - 4854     ----	-----	    ------  -----	---	 -----	--	  -    -    -     ----		 ---		  --	                          -----      ---           ! JUNK TRIGGER WORK
4855    HeepC   4.840   26.147      -6.590  18.845      LH2      10.59  45.6?     5    1    0     0.353          2.8             0.015           31.59            10.6k      97.6          !  849 e-p elastic 
4856    HeepC   4.840   26.147      -6.590  18.845      LH2      10.59  28.3?     5    1    0     0.219          1.7             0.013           62.63            30.3k      96.6          ! 1705 e-p elastic
4857    HeepC   4.840   26.147      -6.590  18.845      LH2      10.59  31.9?     5    1    0     0.246          1.9             0.014           118.6            51.4k      96.9          ! 3109 e-p elastic
4858    HeepC   4.840   26.147      -6.590  18.845      LH2      10.59  34.6?     5    1    0     0.267          2.1             0.014           136.1            55.5k      91.5          ! 3607 e-p elastic
4859    HeepC   4.840   26.147      -6.590  18.845      LH2      10.59  38.0?     5    1    0     0.294          2.3             0.014           127.4            48.4k      91.7          ! 3482 e-p elastic
4860    HeepC   4.840   26.147      -6.590  18.845      LH2      10.59  45.9      5    1    0     0.247          1.9             0.014           110.6            47.7k      91.4          ! 2999 e-p elastic
4861    ----    ----	-----	    ------  -----	---	 -----	--	  -    -    -     ----		 ---		  --	                          -----      ---           ! JUNK
4862    HeepC   4.840   26.147      -6.590  18.845      LH2      10.59  53        5    1    0     0.383          3.2             0.017           98.5             46.8K      100           ! Good-coin is w/o cuts
4863    HeepC   4.840   26.147      -6.590  18.845      LH2      10.59  53        5    1    0     0.383          3.2             0.017           86.3             37.6k      100           
4864    HeepC   4.840   26.147      -6.590  18.845      Dummy    10.59  40        5    1    0     0.383          3.2             0.017           59.3             18.3k      100           
  
4865    K+3.0   3.486   15.18       -6.590  11.91       LH2      10.59  55        13   10    0    45.2           258.0           2.03            10.1             4633k      100           ! First Kaon production run (SHMS left) 2400 Lambda Events
4866    K+3.0   3.486   15.18       -6.590  11.91       LH2      10.59  60        13   10    0    53.8           310.0           2.92            11.8             5760k      100           !3360 Lambda Events
4867    K+3.0   3.486   15.18       -6.590  11.91       LH2      10.59  50        13   10    0    44.9           259.7           2.05            57.2             2228k      100           !1407 Lambda Events
4868    K+3.0   3.486   15.18       -6.590  11.91       LH2      10.59  50        13   10    0    45.0           258.7           2.00            69.7             2969k      99.8          !2055 Lambda Events
4869    K+3.0   3.486   15.18       -6.590  11.91       Dummy    10.59  50        13   10    0    12.6           65.7            0.189                                                     ! JUNK 
4870    K+3.0   3.486   15.18       -6.590  11.91       Dummy    10.59  40        11   8     0     9.0           53.8            0.128           31.9             126k      99.9           !

4871    K+3.0   3.486   18.18       -6.590  11.91       LH2      10.59  65        11   10    0    51.4           129.5           1.33            97.6             1785k      100           ! SHMS center 1744 Lambda Events 
4872    K+3.0   3.486   18.18       -6.590  11.91       LH2      10.59  65        11   -1   -1    ---            -----           ----                              -----      ---          ! DAQ tests 
4873    K+3.0   3.486   18.18       -6.590  11.91       LH2      10.59  65        11   10    0    50.9           129.1           1.309           90.4             1445k      100           ! SHMS center; MCC played with beam current 1940 Lambda Events
4874    K+3.0   3.486   18.18       -6.590  11.91       LH2      10.59  50        11   10    0    39.6           98.6            0.837           41.7             412k       100           !852 Lambda Events                 
4875    K+3.0   3.486   18.18       -6.590  11.91       LH2      10.59  50        11   10    0    45.3           99.6            0.911           121.1            2248k      100           !2370 Lambda Events
4876    K+3.0   3.486   18.18       -6.590  11.91       LH2      10.59  65        11   10    0    54.2           120.6           1.25            71.5             1476k      100           !2697 Lambda Events
4877    K+3.0   3.486   18.18       -6.590  11.91       LH2      10.59  60        11   10    0    54.2           113.1           1.27            134.6            2811k      100           !3196 Lambda Events
4878    K+3.0   3.486   18.18       -6.590  11.91       LH2      10.59  60        11   10    0    54.1           120.7           1.27            160.7            3364k      100           !1083 Lambda Events
4879    K+3.0   3.486   18.18       -6.590  11.91       LH2      10.59  60        11   10    0    54.4           121.9           1.28            130.7                       100           !2583 Lambda Events
4880    K+3.0   3.486   18.18       -6.590  11.91       Dummy	 10.59  40	  10   8     0    12.5		 28.1		 0.103		 43.9             115k	     100           !
4881    K+3.0   3.486   21.19       -6.590  11.91       Dummy	 10.59  40	  10   8     0    12.1		 11.8		 0.063		 38.8             65k	     100           !
4882    K+3.0   3.486   21.19       -6.590  11.91       LH2	 10.59  40	  10   10    0    30.8		 25.5		 0.272		 89.2             716k	     99.93	   !1646 Lambda Events
4883    ---	---	---	    ---	    ---		LH2	 ---	--	  --   --    -	  --		 --pwd		 --		                  ---	     --		   ! JUNK
4884    K+3.0   3.486   21.19       -6.590  11.91       LH2	 10.59  40	  10   10    0    33.0		 27.4		 0.291		 45.4	          99.95                    !816 Lambda Events
4885    K+3.0   3.486   21.19       -6.590  11.91       LH2	 10.59  40	  10   10    0    34.8		 28.8		 0.308		 89.4             363k	     99.93	   !1537 Lambda Events	   
4886    K+3.0   3.486   21.19       -6.590  11.91       LH2	 10.59  40	  10   10    0    --		 --		 --		                  ---	     --		   ! JUNK
4887    K+3.0   3.486   21.19       -6.590  11.91       LH2	 10.59  40	  10   10    0    30.7		 25.4		 0.270		  90.2            720k	     99.93         !1672 Lambda Events
4888    K+3.0   3.486   21.19       -6.590  11.91       LH2	 10.59  40	  10   10    0    29.2		 24.2		 0.258		  72.2            578k	     99.94         !1330 Lambda Events
4889    K+3.0   3.486   21.19       -6.590  11.91       LH2	 10.59  60	  10   11    0    37.6		 31.6		 0.417		  79.5            795k	     99.7	   !1509 Lambda Events
4890    K+3.0   3.486   21.19       -6.590  11.91       LH2	 10.59  60	  10   11    0    39.5		 32.9		 0.434		  80.1            798k	     99.7	   !1358 Lambda Events

4891    K+2.1   4.983   7.738       -5.292  11.159      LH2	 10.59  40	  15   11    0    --		 --		 --		   --	     	  --	     --            ! JUNK

4892    K+2.1   4.983   13.743      -5.292  11.159      LH2      10.59  63        13   13    0    52.398         44.887          0.957              51.20         176k       99.7          !1054 Lambda Events
4893    K+2.1   4.983   13.743      -5.292  11.159      LH2      10.59  60        13   13    0    55.987         47.348          0.889              84.04         2523k      99.7          !1748 Lambda Events
4894    K+2.1   4.983   13.743      -5.292  11.159      LH2      10.59  60        13   13    0    19.276         16.326          0.320              27.18         853k       99.7          !607 Lambda Events
4895    K+2.1   4.983   13.743      -5.292  11.159      LH2      10.59  60        13   13    0    45.101         66.254          0.784              25.87         492k       100           !500 Lambda Events
4896    K+2.1   4.983   13.743      -5.292  11.159      LH2      10.59  60        13   13    0    93.472         79.517          0.942              118.38        2252k      100           !2453 Lambda Events
4897    K+2.1   4.983   13.743      -5.292  11.159      LH2      10.59  60        13   13    0    91.497         77.618          0.909              109.48        2057k      100           !2281 Lambda Events
4898    K+2.1   4.983   13.743      -5.292  11.159      LH2      10.59  60        13   13    0    41.252         34.881          0.400              44.16         812k       100           !942 Lambda Events 
4899    K+2.1   4.983   13.743      -5.292  11.159      LH2      10.59  60        13   13    0    49.10          41.398          0.468              70.56         1278k      100           !1482 Lambda Events
4900    K+2.1   4.983   13.743      -5.292  11.159      LH2      10.59  60        13   13    0    45.42          38.25           0.418              78.47         1368k      99.97         !1588 Lambda Eventss
4901    K+2.1   4.983   13.743      -5.292  11.159      LH2      10.59  60        13   13    0    68.06          57.39           0.641              35.04         625k       99.96         !648 Lambda Eventss
4904    K+2.1   4.983   13.743      -5.292  11.159      LH2      10.59  60        13   13    0    36.27          30.63           0.356              31.96         516k       99.96         !561 Lambda Eventss
4905	K+2.1   4.983   13.743      -5.292  11.159      LH2      10.59  60        13   13    0    58.75          49.57 		 0.565 		    49.92         904k       99.96         !909 Lambda Eventss      		
4906    K+2.1   4.983   13.743      -5.292  11.159      LH2      10.59  60        13   13    0	  76.25  	 64.33           0.722		    105.16   	  1874k      99.96	   !2238 Lambda Events			 
4907    K+2.1   4.983   13.743      -5.292  11.159      LH2      10.59  60        13   13    0    47.10          39.72           0.449              53.31         958k       99.96         !1130 Lambda Events
4908    K+2.1   4.983   13.743      -5.292  11.159      LH2      10.59  60        13   13    0    54.14          45.64           0.512              84.59         1514k      99.96         !1805 Lambda Events
4909    K+2.1   4.983   13.743      -5.292  11.159      LH2      10.59  60        13   13    0    51.98          43.79           0.493              85.08         1048k      99.96         !1178 Lambda Events
4910    K+2.1   4.983   13.743      -5.292  11.159      Dummy    10.59  40        13   13    0    13.86          9.66            0.053              ?29.35        80k        99.99         !55 Lambda Events
4911    K+2.1   4.983   13.743      -5.292  11.159      Dummy    10.59  40	  13   13    0	  11.4		 7.94		 0.044		    ?53.18	  146k	     99.99	   !
4912    K+2.1   4.983   13.743      -5.292  11.159      Dummy    10.59  40	  13   13    0	  20.6		 14.3		 0.076		    ?76.57	  201k	     99.99	   !

Run	Type    P_SHMS  Theta_SHMS   P_HMS  Theta_HMS   Target   Ebeam  Current   PS1  PS3  PS5   HMS-Rate(kHz)  SHMS-Rate(kHz)  COIN-Rate(kHz) Charge(mC)       Raw-coin   Computer-LT   Comment

4913    K+2.1   4.983   10.735      -5.292  11.159      Dummy    10.59  40	  12   11    0	  24.8		 56.03		 0.196		    ?91.8	  519k	     99.99	   !
4914    K+2.1   4.983   10.735      -5.292  11.159      LH2      10.59  60	  13   12    0	  68.9		 214.7		 2.149		    46.85	  2530k	     91.25	   ! 		 		 
4915    K+2.1   4.983   10.735      -5.292  11.159      LH2      10.59  50	  13   11    0	  --		 --		 --                 --            --         --            !JUNK NO BEAM	      
4916    K+2.1   4.983   10.735      -5.292  11.159      LH2      10.59  50	  13   11    0    61.440         190.143         1.469              66.416        3020k      99.9          !1564 Lambda Events
4917    K+2.1   4.983   10.735      -5.292  11.159      LH2      10.59  40	  13   11    0    46.664         143.966         1.051              90.215        3881k      99.9          !2362 Lambda Events
4918    K+2.1   4.983   10.735      -5.292  11.159      LH2      10.59  60        13   11    0    64.243         200.182         2.012              121.58        7225k      88.7          !2297 Lambda Events   
4919    K+2.1   4.983   10.735      -5.292  11.159      LH2      10.59  60        13   11    0    54.406         169.566         1.711              106.676       6365k      89.8          !1975 Lambda Events   
4920    K+2.1   4.983   10.735      -5.292  11.159      LH2      10.59  65        13   11    0    54.619         169.773         1.641              114.537       6533k      91.6          !2280 Lambda Events
4921    K+2.1   4.983   10.735      -5.292  11.159      LH2      10.59  60        13   11    0    70.333         219.145         2.165              151.208       8824k      90.5          !2798 Lambda Events
4922    K+2.1   4.983   10.735      -5.292  11.159      LH2      10.59  60        13   11    0    52.563         163.169         1.493              105.246       56728k     96.0          !2189 Lambda Events
4923    K+2.1   4.983   10.735      -5.292  11.159      LH2      10.59  60        13   11    0    57.419         178.393         1.649              109.291       5958k      96.3          !2286 Lambda Events
4924    K+2.1   4.983   10.735      -5.292  11.159      LH2      10.59  55        13   11    0    57.689         179.299         1.639              96.420        5167k      97.76         !2030 Lambda Events

4925    K+2.1   4.983   7.735       -5.292  11.159      LH2      10.59  35        13   11    0    42.62          448.127         2.473              78.9          8684k      84.74         !761 Lambda Events
4926    K+2.1   4.983   7.735       -5.292  11.159      LH2      10.59  35        14   11    0    49.465         519.499         2.911              99.26         11101k     85.18         !960 Lambda Events
4927    K+2.1   4.983   7.735       -5.292  11.159      LH2      10.59  35        14   11    0    56.75          595.739         3.374              101.38        11467K     84.87         !776 Lambda Events
4928    K+2.1   4.983   7.735       -5.292  11.159      LH2      10.59  35        14   11    0    39.075         409.784         2.258              83.295        7859k      85.38         !785 Lambda Events
4929	K+2.1	4.983	7.735	    -5.292  11.159	LH2      10.59  35        14   11    0	  0.059	         0.077           3.591              108.63        12355k     84.65         !886 Lambda Events
4930    K+2.1 	4.983	7.735	    -5.292  11.159	LH2      10.59  35        14   11    0	  60.616         636.768         3.617              81.06         9246k      75.96         !644 Lambda Events  
4931    K+2.1 	4.983	7.735	    -5.292  11.159	LH2      10.59  35        14   11    0	  0.055          0.072           3.371              70.53         8035k      84.62         !622 Lambda Events  
4932    K+2.1 	4.983	7.735	    -5.292  11.159	LH2      10.59  35        14   11    0	  53.582         562.375         3.198              70.21         8014k      84.47         !619 Lambda Events   
4933    K+2.1 	4.983	7.735	    -5.292  11.159	LH2      10.59  35        14   11    0	  60.166         631.590         3.593              73.60         8401k      84.37         !551 Lambda Events   
4934    K+2.1 	4.983	7.735	    -5.292  11.159	LH2      10.59  35        14   11    0	  62.404         655.863         3.746              79.41         9085k      84.25         !659 Lambda Events   
4935    K+2.1 	4.983	7.735	    -5.292  11.159	LH2      10.59  35        14   11    0	  64.818         681.485         3.901              5.32          611k       84.30         !53 Lambda Events   
4936    K+2.1 	4.983	7.735	    -5.292  11.159	LH2      10.59  35        14   11    0	  52.161         547.712         3.099              74.93         8507k      84.60         !663 Lambda Events   
4937    K+2.1 	4.983	7.735	    -5.292  11.159	LH2      10.59  35        14   11    0	  36.706         385.174         2.165              58.61         6618k      84.84         !505 Lambda Events   
4938    K+2.1 	4.983	7.735	    -5.292  11.159	LH2      10.59  35        14   11    0    55.533         582.856         3.301              81.834        11838k     84.6          !875 Lambda Events
4939    K+2.1   4.983   7.735       -5.292  11.159      LH2      10.59  35        14   11    0    51.545         540.908         3.063              76.363        11175k     84.7          !806 Lambda Events	   

4940    K+2.1   4.983   7.735       -5.292  11.159      Dummy    10.59  40        14   11    0    20.262         148.897         0.374              34.185        556k       100           !26 Lambda Events
4941    K+2.1   4.983   7.735       -5.292  11.159      Dummy    10.59  40        12   10    0    14.806         109.018         0.282              39.363        663k       100           !29 Lambda Events	   
4942    K+2.1   4.983   7.735       -5.292  11.159      Dummy    10.59  40        12   10    0    23.107         169.931         0.441              48.052        830k       99.9          !0  Lambda Events

Run	Type    P_SHMS  Theta_SHMS   P_HMS  Theta_HMS   Target   Ebeam  Current   PS1  PS3  PS5   HMS-Rate(kHz)  SHMS-Rate(kHz)  COIN-Rate(kHz)   Charge(mC)       Raw-coin  Computer-LT      Comment
                                                            
4943    K+2.1   4.983   7.735       -5.292  11.159      LH2      10.59  35        14   11    0     44.218          463.962         2.562              83.367        9177k      85.98        !728 Lambda Events          
4944    K+2.1   4.983   7.735       -5.292  11.159      LH2      10.59  35        14   11    0     59.90           628.642         3.544              115.883       13006k     85.57        !997 Lambda Events                           

4945    K+2.1   4.983   10.730      -5.292  11.159      LH2      10.59  55        13   11    0     57.376          178.286         1.644              102.807       5572k      97.53         !2015 Lambda Events
4946    K+2.1   4.983   10.730      -5.292  11.159      LH2      10.59  55        13   11    0     72.267          224.886         2.075              100.306       5434k      97.46         !2002 Lambda Events
4947    K+2.1   4.983   10.730      -5.292  11.159      LH2      10.59  55        13   11    0     60.353          187.577         1.726              47.71         3017k      97.53         !1038 Lambda Events 

4948    K+2.1   4.983   7.735       -5.292  11.159      LH2      10.59  35        14   11    0     53.217          559.986         3.143              103.637      11638k     85.10          !762 Lambda Events
4949    K+2.1   4.983   7.735       -5.292  11.159      LH2      10.59  35        14   11    0     45.187          475.841         2.697              102.391      11617k     84.87          !795 Lambda Events      
4950    K+2.1   4.983   7.735       -5.292  11.159      LH2      10.59  35        14   11    0     57.400          604.111         3.433              106.889      10356k     84.73          !937 Lambda Events
4951    K+2.1   4.983   7.735       -5.292  11.159      LH2      10.59  35        14   11    0	   56.335	   592.797	   3.360	      100.367	   11388k     84.63	     !710 Lambda Events

4952    K+2.1   4.983   7.735       -5.292  11.159      LH2      10.59  35        14   11    0	   60.029	   632.353	   3.602	      86.864	   9904k      80.88	     !706 Lambda Events
4953	K+2.1	4.983	7.735	    -5.292  11.159	LH2	 10.59	34	  14   11    0	   60.392          635.387         3.623              72.913       8359k      84.51          !699 Lambda Events
4954	K+2.1	4.983	7.735	    -5.292  11.159	LH2	 10.59	34	  14   11    0     50.251          528.499         2.970              75.914       8592k      84.79          !585 Lambda Events
4955	K+2.1	4.983	7.735	    -5.292  11.159	LH2	 10.59	34	  14   11    0	   46.205	   486.668	   2.743	      84.842	   9573k      84.68	     !750 Lambda Events
4956	K+2.1	4.983	7.735	    -5.292  11.159	LH2	 10.59	34	  14   11    0	   48.230	   507.408	   2.868	      89.671	   10147k     84.55	     !688 Lanbda Events
4957	K+2.1	4.983	7.735	    -5.292  11.159	LH2	 10.59	34	  14   11    0	   52.126	   548.294	   3.129	      82.261	   9398k      84,39	     !717 Lambda Events
4958	K+2.1	4.983	7.735	    -5.292  11.159	LH2	 10.59	34	  14   11    0	   41.616	   437.939	   2.480	      79.759	   9042k      84.65	     !755 Lambda Events
4959	K+2.1	4.983	7.735	    -5.292  11.159	LH2	 10.59	34	  14   11    0	   52.066	   547.570	   3.096	      65.797	   7448k      84.59	     !535 Lambda Events


Run	Type    P_SHMS  Theta_SHMS   P_HMS  Theta_HMS   Target   Ebeam  Current   PS1  PS3  PS5   HMS-Rate(kHz)  SHMS-Rate(kHz)  COIN-Rate(kHz)   Charge(mC)       Raw-coin  Computer-LT      Comment
                                                                                                     *** Not Prescaled ***
4965    K+4.4   5.389   9.808       -4.712  17.08       LH2      10.602  55       13   8     0     4.425           174.876         0.142              22.968       156k       99.99          !164 Lambda events
				    	    			 		       	     	   		   		   		      		   	      		     !Used report file for livetime
																							     !because scalers txt file is
													               									     !unreliable
4966    K+4.4   5.389   9.808       -4.712  17.08       LH2      10.602  45       13   7    0     7.088           240.010         0.204              46.6         223k       99.94           !beam trippy; short run
4967    K+4.4   5.389   9.808       -4.712  17.08       LH2      10.602  45       13   7    0     7.123           280.96          0.207              121.4        589k       99.93           !432 Lambda Events    
4968    K+4.4   5.389   9.808       -4.712  17.08       LH2      10.602  50       13   7    0     7.982           314.239         0.246              148.876      765k       99.92           !469 Lambda Events
4969    K+4.4   5.389   9.808       -4.712  17.08       LH2      10.602  50       13   7    0     7.962           314.754         0.256              146.329      787k       99.92           !455 Lambda Events
4970    K+4.4   5.389   9.808       -4.712  17.08       LH2      10.602  55       13   7    0     8.603           347.330         0.296              137.27       754k       99.92           !459 Lambda Events
4971    K+4.4   5.389   9.808       -4.712  17.08       LH2      10.602  55       13   7    0     8.880           350.668         0.281              120.119      690k       99.99           !348 Lambda Events
4972    K+4.4   5.389   9.808       -4.712  17.08       LH2      10.602  60-65    13   8    0     9.463           378.934         0.360              126.042	  791k       99.99           !379 Lambda Events
4973    K+4.4   5.389   9.808       -4.712  17.08       LH2      10.602  70       13   8    0	  5.756		  231.380	  0.231		     138.367	  900k	     99.99	     !354 Lambda Events
4974	K+4.4	5.389	9.808	    -4.712  17.08	LH2	 10.602	 65	  13   8    0	  8.064		  324.230	  0.320		     163.776	  1052k	     99.92	     !387 Lambda Events
4975	K+4.4	5.389	9.808	    -4.712  17.08	LH2	 10.602	 65	  13   8    0	  8.513           342.799         0.338              157.287      1009K      99.92           !346 Lambda Events
4976	K+4.4	5.389	9.808	    -4.712  17.08	LH2	 10.602	 65	  13   8    0     ------          -------         ------             -------      -----      -----           ! No beam, very short Run, junk
4977	K+4.4	5.389	9.808	    -4.712  17.08	LH2	 10.602	 65	  13   8    0     ------          -------         ------             -------      -----      -----           ! No beam, very short Run, junk
4978	K+4.4	5.389	9.808	    -4.712  17.08	Dummy    10.602  40       11   6    0     0.83            22.4            0.17               44.4         55k        99.93           ! Dummy run, 0 Lambda
4979	K+4.4	5.389	9.808	    -4.712  17.08	Dummy    10.602  40       11   6    0     1.60            43.4            0.23               35.8         32k        99.90           ! Dummy run, 19 Lamdba
4980                                                    Dummy     ---    --                       -----                           ----                ---                    ----              JUNK

4981    K+4.4   5.389   12.81       -4.712  17.08       Dummy    10.602  40       8    5    0     2.375           18.726          0.022              89.2         49k        99.84           ! Dummy run
4982    K+4.4   5.389   12.81       -4.712  17.08       LH2      10.602  55       11   8    0     6.31            63.2            0.075              125.8        312k       99.94            752 Lambda Events
4983    K+4.4   5.389   12.81       -4.712  17.08       LH2      10.602  55       11   8    0     6.31            63.2            0.075              4.93         12k        99.95            25 Lambda Events  
4984    K+4.4   5.389   12.81       -4.712  17.08       LH2      10.602  45       11   8    0     6.34            65.3            0.076              101.14       234k       99.95            566 Lambda Events
4985    K+4.4   5.389   12.81       -4.712  17.08       LH2      10.602  45       11   8    0     2.673           26.441          0.035              61.763	  132k	     99.96	     !373 Lambda Events        
4986	K+4.4	5.389	12.81	    -4.712  17.08	LH2	 10.602	 25	  11   8    0	  0.988		  9.380		  0.012		     20.077	  59k	     99.98	     !146 Lambda Events 
4987	K+4.4	5.389	12.81	    -4.712  17.08	LH2	 10.602	 15	  11   8    0	  1.488		  14.066	  0.021		     26.497	  60k	     99.98	     !165 Lambda Events
4988	K+4.4	5.389	12.81	    -4.712  17.08	LH2	 10.602	 7        11   8    0     --              --              --                 --           --         --              !Junk, no beam
4989    K+4.4	5.389	12.81	    -4.712  17.08	LH2	 10.60   15       9    6    0     --              --              --                 --           --         --              !Junk, no beam
4990    K+4.4	5.389	12.81	    -4.712  17.08	LH2	 10.60   40       11   7    0     7.14            62.70           0.049              97.49        226k       99.9            !583 Lambda Events       
4991    K+4.4	5.389	12.81	    -4.712  17.08	LH2	 10.60   55       11   7    0     8.84            92.70           0.121              153.41       346k       1.00            !854 Lambda Events
4992    K+4.4	5.389	12.81	    -4.712  17.08	LH2	 10.60   55       11   7    0     8.84            92.70           0.121              --           --          --             !Junk
4995    K+4.4	5.389	12.81	    -4.712  17.08	LH2	 10.60   60       11   7    0     9.74            106.24          0.151              157.14       396k       99.99           !818 Lambda Events
4996    K+4.4	5.389	12.81	    -4.712  17.08	LH2	 10.60   60       11   7    0     12.58           108.8           0.141              126.19       326k       99.89           !713 Lambda Events
4997    K+4.4	5.389	12.81	    -4.712  17.08	LH2	 10.60   60       11   7    0     12.11           111.50          0.147              185.552	  491k	     99.89           !1047 Lambda Events

4998	K+4.4	5.389	12.81	    -4.712  17.08	LH2	 10.60	 60	  11   7    0	  7.385		  88.939	  0.118		     29.714	  80k	     99.90	     !176 Lambda Events	

4999	K+4.4	5.389	15.81	    -4.712  17.08	LH2	 10.60	 60	  11   7    0	  3.763		  12.639	  0.033		     16.647	  24K	     99.96	     !81 Lambda Events	     
5000	K+4.4	5.389	15.81	    -4.712  17.08	LH2	 10.60	 40	  9    7    0	  4.973		  16.096	  0.039		     13.058	  17k	     99.91	     !68 Lambda Events
5001	K+4.4	5.389	15.81	    -4.712  17.08	LH2	 10.60	 60	  10   8    0	  1.035		  3.379		  0.016		     18.844	  49k	     99.97	     !100 Lambda Events


Run	Type    P_SHMS  Theta_SHMS   P_HMS  Theta_HMS   Target   Ebeam  Current   PS1  PS3  PS5   HMS-Rate(kHz)  SHMS-Rate(kHz)  COIN-Rate(kHz)   Charge(mC)       Raw-coin  Computer-LT      Comment

5002	K+4.4	5.389	15.81	    -4.712  17.08	LH2	 10.60	 60	  10   8    0	  8.425		 25.021		 0.059		  103.899	   119k	     99.94	      !539 Lambda Events
5003	K+4.4	5.389	15.81	    -4.712  17.08	LH2	 10.60	 60	  10   8    0	  7.599		 22.355		 0.054		  167.498	   193k	     99.96	      !772 Lambda Events
5004	K+4.4	5.389	15.81	    -4.712  17.08	LH2	 10.60	 60	  10   8    0	  6.016		 17.736		 0.044		  120.277	   145k	     99.96	      !587 Lambda Events
5005	K+4.4	5.389	15.81	    -4.712  17.08	LH2	 10.60	 60	  10   8    0	  5.009		 15.038		 0.039		  41.379	   53k	     99.96	      !164 Lambda Events
5006	K+4.4	5.389	15.81	    -4.712  17.08	LH2	 10.60	 60	  10   8    0	  6.613		 19.804		 0.048		  130.083	   156k	     99.95	      !626 Lambda Events
5007	K+4.4	5.389	15.81	    -4.712  17.08	LH2	 10.60	 60	  10   8    0	  6.437		 19.127		 0.047		  143.033	   171k	     99.95	      !714 Lambda Events
5008	K+4.4	5.389	15.81	    -4.712  17.08	LH2	 10.60	 60	  10   8    0     9.703          28.962          0.072            159.186          185k      99.95            !784 Lambda Events
5009    K+4.4   5.389   15.81       -4.712  17.08       LH2      10.60   60       10   8    0     9.648          27.759          0.061             55.29           126k      99.95            !509 Lambda Events
5010                                                                                                                                                                                          !Junk
5011    K+4.4   5.389   15.81       -4.712  17.08       Dummy    10.6    40       7    6    0     2.434          6.014           0.019             38.725          20k       99.91            !Dummy 
5012    K+4.4   5.389   15.81       -4.712  17.08       Dummy    10.6    40       7    6    0     2.423          6.058           0.017             42.802          18k       99.93            !Dummy

Run	Type    P_SHMS  Theta_SHMS   P_HMS  Theta_HMS   Target   Ebeam  Current   PS1  PS3  PS5   HMS-Rate(kHz)  SHMS-Rate(kHz)  COIN-Rate(kHz)   Charge(mC)       Raw-coin  Computer-LT      Comment
5013    K+3.0   6.053   12.46       -4.204  14.93       LH2      10.6    60       11   10   0     32.39          66.716          0.260             125.222          563k     99.95            !749 Lambda Events
5014    K+3.0   6.053   12.46       -4.204  14.93       LH2      10.6    60       11   10   0     32.19          66.709          0.259             127.318          564k     99.95            !733 Lambda Events             
5015    K+3.0   6.053   12.46       -4.204  14.93       LH2      10.6    60       11   10   0     32.15          66.231          0.270             133.526          594k     99.99            !750 Lambda Events
5016    K+3.0   6.053   12.46       -4.204  14.93       LH2      10.6    60       11   10   0     31.89          66.504          0.271             26.936           121k     100.00           !137 Lambda Events; DAQ crashed
5017    K+3.0   6.053   12.46       -4.204  14.93       LH2      10.6    60       11   10   0     32.32          67.465          0.255             104.850          474k     99.96            !597 Lambda Events             
5018    K+3.0   6.053   12.46       -4.204  14.93       LH2      10.6    60       11   10   0     32.21          67.353          0.268             165.14           739k     99.9             !925 Lambda Events
5019    K+3.0   6.053   12.46       -4.204  14.93       LH2      10.6    60       11   10   0     32.26          66.15           0.268             151.68           672k     99.9             !873 Lambda Events
5020    K+3.0   6.053   12.46       -4.204  14.93       LH2      10.6    60       11   10   0     21.50          45.03           0.177             145.68           665k     99.9             !834 Lambda Events
5021    K+3.0   6.053   12.46       -4.204  14.93       LH2      10.6    60       11   10   0     18.27          37.71           0.148             123.64           554k     99.99            !683 Lambda Events
5022    K+3.0   6.053   12.46       -4.204  14.93       LH2      10.6    60       11   10   0     19.35          39.87           0.157             120.1            541k     99.99            !683 Lambda Events
5023    K+3.0   6.053   12.46       -4.204  14.93       LH2      10.6    60       11   10   0     19.24          40.22           0.159             120.67           555k     99.99            !664 Lambda Events
5024    K+3.0   6.053   12.46       -4.204  14.93       LH2      10.6    60       11   10   0     21.81          44.38           0.176             143.56           638k     99.99            !823 Lambda Events
5025    K+3.0   6.053   12.46       -4.204  14.93       LH2      10.6    60       11   10   0     17.67          35.89           0.144             114.145          513k     99.99            !665 Lambda Events
5026    K+3.0   6.053   12.46       -4.204  14.93       LH2      10.6    60       11   10   0     22.42          47.83           0.268             134.231          623k     99.95            !706 Lambda Events
5027    K+3.0   6.053   12.46       -4.204  14.93       LH2      10.6    60       11   10   0     22.17          47.73           0.184             176.86           821k     99.95            !1021 Lambda Events  

5029    K+3.0   6.053   12.46       -4.204  14.93       Dummy    10.6    60       8     8   0     6.275          9.368           0.026             78.07            66k      99.95            !Dummy ;5028->Junk
5030    K+3.0   6.053   12.46       -4.204  14.93       Dummy    10.6    60       8     8   0     7.142          10.67           0.028             101.05           81k      99.92            !Dummy 

Run	Type    P_SHMS  Theta_SHMS   P_HMS  Theta_HMS   Target   Ebeam  Current   PS1  PS3  PS5   HMS-Rate(kHz)  SHMS-Rate(kHz)  COIN-Rate(kHz)   Charge(mC)       Raw-coin  Computer-LT      Comment
5031    K+3.0   6.053   12.46       -4.204  14.93       LH2      10.6    60       11   10   0     21.24          44.77           0.176             140.7           647k       99.96           !747 Lamda Events
5032    K+3.0   6.053   12.46       -4.204  14.93       LH2      10.6    60       11   10   0     17.73          35.84           0.129             100.42          404k       99.97           !556 Lamda Events
5033    K+3.0   6.053   12.46       -4.204  14.93       LH2      10.6    50       11   10   0     10.83          22.1            0.082             120.01          507        99.65           !693 Lamda Events
5034    K+3.0   6.053   12.46       -4.204  14.93       LH2      10.6    50       11   10   0      ---            ---             ----             ---             --        ---              ! Junk
5035    K+3.0   6.053   12.46       -4.204  14.93       LH2      10.6    40       11   9    0     20.83          40.6            0.082             47.53           182k       99.65           ! Junk Lamda Events
5036    K+3.0   6.053   12.46       -4.204  14.93       LH2      10.6    50       11   10   0     10.83          22.1            0.082             26.78           121k       99.99           ! Junk  Lamda Events
5038    K+3.0   6.053   12.46       -4.204  14.93       LH2      10.6    50       11   10   0     27.7           54.8            0.22              100.12          398k       99.99           ! 601  Lamda Events
5039    K+3.0   6.053   12.46       -4.204  14.93       LH2      10.6    50       11   10   0     10.83          22.1            0.26              126.45          497k       99.9            ! 710  Lamda Events

Run	Type    P_SHMS  Theta_SHMS   P_HMS  Theta_HMS   Target   Ebeam  Current   PS1  PS3  PS5   HMS-Rate(kHz)  SHMS-Rate(kHz)  COIN-Rate(kHz)   Charge(mC)       Raw-coin  Computer-LT      Comment
5040    K+3.0   6.053   9.41        -4.204  14.93       LH2      10.6    50       13   10   0     8.879          78.8            0.21              17.6            226k       99.96           !139 Lambda events
5041    K+3.0   6.053   9.41        -4.204  14.93       LH2      10.6    50       13   10   0     10.52          96.4            0.25              39.4            525k       99.95           !316 Lambda events
5042    K+3.0   6.053   9.41        -4.204  14.93       LH2      10.6    50       13   10   0     23.46          210.0           0.57              139.2           1859k      99.96           !914 Lambda events
5043    K+3.0   6.053   9.41        -4.204  14.93       LH2      10.6    50       13   10   0     ---            ---             ---               ---             ---        ---             !Junk
5044    K+3.0   6.053   9.41        -4.204  14.93       LH2      10.6    50       13   10   0     12.77          113.6           0.30               97.1           1261k      99.96           !668 Lambda events
5045    K+3.0   6.053   9.41        -4.204  14.93       LH2      10.6    50       13   10   0     10.30          90.90           0.22                              280k       99.96           !386 Lambda events
5046    K+3.0   6.053   9.41        -4.204  14.93       LH2      10.6    50       13   10   0     21.54          192.8           0.51              137.4           1803k      99.96           !980 lambda events 
5047    K+3.0   6.053   9.41        -4.204  14.93       LH2      10.6    50       13   10   0     19.85          178.3           0.48              122.6           1635k      99.96           !804 Lambda events
5048    K+3.0   6.053   9.41        -4.204  14.93       LH2      10.6    50       13   10   0     12.39          111.6           0.31               10.9            147k      99.96           !97 Lambda events, ROC 8 error
5049    K+3.0   6.053   9.41        -4.204  14.93       LH2      10.6    50       13   10   0      6.81           59.7           0.14                7.4             81k      99.97           !77 Lambda events, tune beam at end
5050    K+3.0   6.053   9.41        -4.204  14.93       LH2      10.6    50       13   10   0     16.25          149.0           0.40               97.8           1327k      99.96           !612 Lambda events         
5051    K+3.0   6.053   9.41        -4.204  14.93       LH2      10.6    50       13   10   0     14.90          137.4           0.37               23.3            321k      99.96           !141 Lambdas, beam off for dump waterflowx  
5052    K+3.0   6.053   9.41        -4.204  14.93       LH2      10.6    50       13   10   0     10.40		  95.6		 0.26		    50.6	    692k      99.96	      !383 Lambdas, tune beam at end
5053    K+3.0   6.053   9.41        -4.204  14.93       LH2      10.6    50       13   10   0     18.39		 169.0		 0.45		   117.2	   1575k      99.96	      !763 Lambdas
5054    K+3.0   6.053   9.41        -4.204  14.93       LH2      10.6    50       13   10   0     14.10		 129.1		 0.34		    82.8	   1109k      99.96	      !526 Lambdas
5055    K+3.0   6.053   9.41        -4.204  14.93       LH2      10.6    50       13   10   0      9.68		  89.0		 0.24		    58.5	    794k      99.95	      !445 Lambdas
5056    K+3.0   6.053   9.41        -4.204  14.93       LH2      10.6    50       13   10   0	  13.75		 126.8		 0.34		    64.8	    882k      99.96	      !361 Lambdas
5057    K+3.0   6.053   9.41        -4.204  14.93       LH2      10.6    50       13   10   0	  13.75		 126.8		 0.34		    124.21	   1690k      99.95	      !810 Lambdas
5058    K+3.0   6.053   9.41        -4.204  14.93       LH2      10.6    50       13   10   0	  13.75		 126.8		 0.34		    72.71	   1017k      99.96	      !478 Lambdas
5059    K+3.0   6.053   9.41        -4.204  14.93       LH2      10.6    40       13   10   0	  35.75		 238.8		 0.57		    116.63         1558k      99.95	      !793 Lambdas
5060    K+3.0   6.053   9.41        -4.204  14.93       LH2      10.6    50       13   10   0	  13.75		 126.8		 0.34		    71.7	    935k      99.96	      !508 Lambdas
5062    K+3.0   6.053   9.41        -4.204  14.93       LH2      10.6    50       13   10   0	  24.5		 219.8		 0.54		    90.0           1119k      99.96	      !575 Lambdas

Run	Type    P_SHMS  Theta_SHMS   P_HMS  Theta_HMS   Target   Ebeam  Current   PS1  PS3  PS5   HMS-Rate(kHz)  SHMS-Rate(kHz)  COIN-Rate(kHz)   Charge(mC)       Raw-coin  Computer-LT      Comment
5063    K+3.0   6.053   9.41        -4.204  14.93       LH2      10.6    50       13   10   0	   6.46		  59.9		 0.174		     7.67           114k     99.97	      !58 Lambdas Many trips, short runtime.
5064    K+3.0   6.053   9.41        -4.204  14.93       LH2      10.6    50       13   10   0	  16.22		 150.4		 0.43		   108.84	   1605k     99.96	      !800 Lambdas 
5065    K+3.0   6.053   9.41        -4.204  14.93       LH2      10.6    50       13   10   0	  19.97		 187.8		 0.55		    36.84	    561k     99.96	      !225 Lambdas
5066    K+3.0   6.053   9.41        -4.204  14.93       LH2      10.6    50       13   10   0	  13.02          117.0           0.31               40.48           968k     99.96            !538 Lambdas
5067    K+3.0   6.053   9.41        -4.204  14.93       Dummy    10.6    50        9    6   0	   3.29           18.9           0.02              194.79           312k     99.79            !Dummy
5068    K+3.0   6.053   9.41        -4.204  14.93       LH2      10.6    50       13   10   0     15.71          139.1           0.34              131.21          1556k     99.96            !938 Lambdas
5069    K+3.0   6.053   9.41        -4.204  14.93       LH2      10.6    50       13   10   0	  18.19          160.9           0.39              139.27          1638k     99.96            !1018 Lambdas
5070    K+3.0   6.053   9.41        -4.204  14.93       LH2      10.6    50       13   10   0	  13.77          119.9           0.27               36.80           143k     99.97            !104 Lambdas
5071    K+3.0   6.053   9.41        -4.204  14.93       LH2      10.6    40       13   10   0	                                 0.26               98.19           1121k    99.96            !737 Lambdas
5072    K+3.0   6.053   9.41        -4.204  14.93       LH2      10.6    40       13   10   0	  17.54          153.3           0.26               111.519         2173k    99.96            !860 Lambdas
5073    K+3.0   6.053   9.41        -4.204  14.93       LH2      10.6    40       13   10   0	  12.85          112.5           0.25               87.4             947k    99.96            !614 Lambdas
5075    K+3.0   6.053   9.41        -4.204  14.93       LH2      10.6    40       13   10   0	  14.08          125.4           0.30               103.24          1245k    99.96            !702 Lambdas
5076    K+3.0   6.053   9.41        -4.204  14.93       LH2      10.6    40       13   10   0	  16.55          144.3           0.32               112.07          1211k    99.96            !932 Lambdas
5077    K+3.0   6.053   9.41        -4.204  14.93       LH2      10.6    40       13   10   0	  12.67          110.4           0.25               98.7             753k    99.96            !574 Lambdas

Run	Type    P_SHMS  Theta_SHMS   P_HMS  Theta_HMS   Target   Ebeam  Current   PS1  PS3  PS5   HMS-Rate(kHz)  SHMS-Rate(kHz)  COIN-Rate(kHz)   Charge(mC)       Raw-coin  Computer-LT      Comment
5078    K+3.0   6.053   6.495        -4.204  14.93       LH2      10.6    35       14   9    0	  17.9		 646.3		 1.09		  37.54		   1260k     99.93	      !79 Lambdas first run @ right angle
5079    K+3.0   6.053   6.495        -4.204  14.93       LH2      10.6    30       14   9    0	  16.0		 571.3		 0.83		  11.19		   322k      99.94	      !25 Lambdas changed back to 35uA
5080    K+3.0   6.053   6.495        -4.204  14.93       LH2      10.6    35       14   9    0	  17.2		 623.6		 1.05		  106.6		   3575k     99.93	      !268 Lambdas (GoodANA)
5081    K+3.0   6.053   6.495        -4.204  14.93       LH2      10.6    35       14   9    0	  16.4		 591.1		 0.99		   97.7		   3261k     99.94	      !257 Lambdas (GoodANA)
5082    K+3.0   6.053   6.495        -4.204  14.93       LH2      10.6    35       14   9    0	  16.3		 589.8		 1.00		   90.4		   3041k     99.93	      !216 Lambdas (GoodANA)
5083    K+3.0   6.053   6.495        -4.204  14.93       LH2      10.6    35       14   9    0	  10.9		 392.4	         0.67              5.6             188k      99.93            !13 Lambdas PSS fault stopped run early  (GoodANA)
5084    K+3.0   6.053   6.495        -4.204  14.93       LH2      10.6    35       14   9    0	  12.45          450.85          0.76              39.7            1341k     99.99            !102 Lambda (GoodANA)
5085    K+3.0   6.053   6.495        -4.204  14.93       LH2      10.6    40       13   10   0	  9.03           325.3           0.55              7.14           920k      99.96            !77 Lambdas (GoodANA)
5086    K+3.0   6.053   6.495        -4.204  14.93       LH2      10.6    40       13   10   0	  17.7           637.3           1.08             52.26           1766k     99.93            !150 Lambdas (GoodANA)
5089    K+3.0   6.053   6.495        -4.204  14.93       LH2      10.6    40       14   9    0	  13.5           489.2           0.818            92.187          3068k     99.93            !300 Lambdas (GoodANA)
5090    K+3.0   6.053   6.495        -4.204  14.93       LH2      10.6    40       14   9    0	  15.7           568.9           0.946            110.9           3662k     99.93            !290 Lambdas (GoodANA)
5091    K+3.0   6.053   6.495        -4.204  14.93       LH2      10.6    40       14   9    0	  17.12          624.2           1.05             114.6           3853k     99.93            !233 Lambdas (GoodANA)
5092    K+3.0   6.053   6.495        -4.204  14.93       LH2      10.6    40       14   9    0	  18.2           664.5           1.13             116.9           3978k     99.92            !263 Lambdas (GoodANA)
5093    K+3.0   6.053   6.495        -4.204  14.93       LH2      10.6    40       14   9    0	  16.9           616.1           1.04             132.7           4509k     99.93            !370 Lambdas (GoodANA)
5094    K+3.0   6.053   6.495        -4.204  14.93       LH2      10.6    40       14   9    0	  16.9           613.3           1.04             112.07          3797k     99.93            !274 Lambdas (GoodANA)
5095    K+3.0   6.053   6.495        -4.204  14.93       LH2      10.6    40       14   9    0	  7.62           275.9           0.47             35.5            1197k     99.93            !112 Lambdas (GoodANA) *Beam ended early due to Acc. problems  
5096    K+3.0   6.053   6.495        -4.204  14.93       LH2      10.6    35       14   9    0    14.35          518.8           0.88             109.3           3714K     99.91            !271 Lambdas (GoodANA)
5097    K+3.0   6.053   6.495        -4.204  14.93       LH2      10.6    35       14   9    0    18.60          672.5           1.15             94.8            4026k     99.93            !284 Lambdas (GoodANA)
5098    K+3.0   6.053   6.495        -4.204  14.93       LH2      10.6    35       14   9    0    18.58          671.9           1.150		  93.98		  4197k     99.93            !291 Lambdas (GoodANA)
5099    K+3.0   6.053   6.495        -4.204  14.93       LH2      10.6    35       14   9    0    14.94          539.9           0.92             124.48          3116k     99.93            !223 Lambdas (GoodANA)
5100    K+3.0   6.053   6.495        -4.204  14.93       LH2      10.6    35       14   9    0    17.77          642.4           1.095            110.16          3751k     99.93            !253 Lambdas (GoodANA)
5101    K+3.0   6.053   6.495        -4.204  14.93       LH2      10.6    35       14   9    0    18.23          659.6           1.126            110.80          3722k     99.93            !307 Lambdas (GoodANA)
5102    K+3.0   6.053   6.495        -4.204  14.93       LH2      10.6    35       14   9    0    17.41          629.6           1.074            118.4           4015k     99.93            !270 Lambdas (GoodANA)
5103    K+3.0   6.053   6.495        -4.204  14.93       LH2      10.6    35       14   9    0    17.74          639.98          1.092            108.06          3653k     99.93            !280 Lambdas (GoodANA)


Run	Type    P_SHMS  Theta_SHMS   P_HMS  Theta_HMS   Target   Ebeam  Current   PS1  PS3  PS5   HMS-Rate(kHz)  SHMS-Rate(kHz)  COIN-Rate(kHz)   Charge(mC)     Raw-coin  SHMS_h_tracking      Comment
5104    K+3.0   6.053   6.495        -4.204  14.93       LH2      10.6    35       14   9    0    17.43           629.04             1.07          113.07        3825k       81.78            !282 Lambdas (GoodANA)
5105    K+3.0   6.053   6.495        -4.204  14.93       LH2      10.6    35       14   9    0    16.96           611.6              1.04          103.35 ls       3515k       81.13           !272 Lambda events (GoodANA)


//////////////////////////////////// WITH UPDATED STANDARD KINEMATICS  RUNS FROM /////////////////////////// 

Run	Type    P_SHMS  Theta_SHMS   P_HMS  Theta_HMS   Target   Ebeam  Current   PS1  PS3  PS5   HMS-Rate(kHz)  SHMS-Rate(kHz)  COIN-Rate(kHz)   Charge(mC)     Raw-coin  SHMS_h_tracking      Comment
5106    K+3.0   6.053   6.495        -4.204  14.93       LH2      10.6    35       14   9    0    18.41           652.1              1.11          123.17        4177k       80.48           ! 279 Lambda events
5107    K+3.0   6.053   6.495        -4.204  14.93       Dummy    10.6    35       14   9    0    6.57            152.7              0.115         41.135        150 k       90.13           ! DUMMY 
5108    K+3.0   6.053   6.495        -4.204  14.93       Dummy    10.6    35       14   9    0    6.75            157.04             0.117         100.10        363k        91.7            ! DUMMY
5109    K+3.0   6.053   6.495        -4.204  14.93       Dummy    10.6    35       14   9    0    6.93            161.0              0.119         122.1         440k        91.86           ! DUMMY
5110    K+3.0   6.053   6.495        -4.204  14.93       LH2      10.6    35       14   9    0    --               --      --                --               ----            --             ! JUNK  events
5111    K+3.0   6.053   6.495        -4.204  14.93       LH2      10.6    35       14   9    0    10.9            391.4              0.651          78.5         2590k       81.73           !237 Lambdas
5112    K+3.0   6.053   6.495        -4.204  14.93       LH2      10.6    35       14   9    0    14.8            534.1              0.898         108.4         3609k       80.33           !305 Lambdas
5113    K+3.0   6.053   6.495        -4.204  14.93       LH2      10.6    35       14   9    0    12.9            466.2              0.782         100.7         3346k       80.4            !213 Lambdas
5114    K+3.0   6.053   6.495        -4.204  14.93       LH2      10.6    35       14   9    0    16.8            603.6              1.030         144.1         4863k       80.4            !347 Lambdas
5115    K+3.0   6.053   6.495        -4.204  14.93       LH2      10.6    35       14   9    0    16.5            593.1              1.007         131.9         4433k       80.1	     !293 Lambdas
5116    K+3.0   6.053   6.495        -4.204  14.93       LH2      10.6    35       14   9    0    15.8            570.4              0.966         134.8         4516k       80.6            !310 Lambdas
5117    K+3.0   6.053   6.495        -4.204  14.93       LH2      10.6    35       14   9    0    17.5            631.9              1.080         124.94        4227k	     81.7	     !287 Lambdas
5118    K+3.0   6.053   6.495        -4.204  14.93       LH2      10.6    35       14   9    0    17.0		  612.6		     1.042	   109.98	 3723k	     81.8	     !281 Lambdas
5119    K+3.0   6.053   6.495        -4.204  14.93       LH2      10.6    35       14   9    0    13.9		  502.1 	     0.857	   90.53 	 3077k       81.07	     !214 Lambdas
5120    K+3.0   6.053   6.495        -4.204  14.93       LH2      10.6    35       14   9    0    11.9		  430.1		     0.725	   73.45	 2478	     81.01	     ! Lambdas
5121    K+3.0   6.053   6.495        -4.204  14.93       LH2      10.6    35       14   9    0    --- 		  --		     --		   --		 --	     --	             ! JUNK no beam